timestamp,type,side,price,conditions_met,ema_cross,rsi_confirm,mfi_confirm,trend_align,volume_confirm,rsi,mfi,atr,bb_width,leverage,stop_loss,take_profit
2026-02-25T05:43:00.268Z,ENTRY_SHORT,SHORT,64762.40,4,true,false,true,true,true,25.28,29.62,67.4765,1.0115,15,64829.88,64627.45
2026-02-25T05:44:59.050Z,ENTRY_SHORT,SHORT,64809.80,4,true,true,true,true,false,30.59,36.26,64.9527,1.0006,15,64874.75,64679.89
2026-02-25T05:46:59.442Z,ENTRY_SHORT,SHORT,64805.80,4,true,true,true,true,false,31.22,41.91,64.5358,0.9093,15,64870.34,64676.73
2026-02-25T06:20:59.225Z,ENTRY_LONG,LONG,64986.30,4,true,true,true,true,false,57.39,74.03,40.9006,0.1493,15,64945.40,65068.10
2026-02-25T06:21:59.262Z,ENTRY_LONG,LONG,65076.00,5,true,true,true,true,true,66.37,80.35,45.9934,0.2308,15,65030.01,65167.99
2026-02-25T06:22:58.934Z,ENTRY_LONG,LONG,65054.70,4,true,false,true,true,true,62.98,82.51,44.4010,0.2706,15,65010.30,65143.50
2026-02-25T06:23:59.176Z,ENTRY_LONG,LONG,65079.50,5,true,true,true,true,true,65.21,84.58,43.5438,0.3188,15,65035.96,65166.59
2026-02-25T06:24:59.983Z,ENTRY_LONG,LONG,65060.50,4,true,false,true,true,true,62.12,74.44,42.2121,0.3461,15,65018.29,65144.92
2026-02-25T06:27:40.489Z,ENTRY_LONG,LONG,65045.30,4,true,true,true,true,false,58.43,72.10,42.3303,0.3529,15,65002.97,65129.96
2026-02-25T06:28:00.091Z,ENTRY_LONG,LONG,65067.30,4,true,true,true,true,false,60.60,75.11,41.2710,0.3639,15,65026.03,65149.84
2026-02-25T06:31:59.419Z,ENTRY_LONG,LONG,65014.40,4,true,true,true,true,false,53.14,64.88,43.4760,0.3591,15,64970.92,65101.35
2026-02-25T06:34:00.109Z,ENTRY_LONG,LONG,65075.20,4,true,true,true,true,false,59.27,67.41,42.7936,0.3623,15,65032.41,65160.79
2026-02-25T06:40:00.537Z,ENTRY_LONG,LONG,65050.00,4,true,true,true,true,false,58.48,58.10,36.7419,0.2096,15,65013.26,65123.48
2026-02-25T06:41:59.797Z,ENTRY_LONG,LONG,65075.10,4,true,true,true,true,false,57.98,50.34,34.6968,0.1986,15,65040.40,65144.49
2026-02-25T06:50:59.786Z,ENTRY_SHORT,SHORT,64909.30,5,true,true,true,true,true,32.54,40.57,34.6827,0.2340,15,64943.98,64839.93
2026-02-25T06:51:59.778Z,ENTRY_SHORT,SHORT,64913.10,5,true,true,true,true,true,32.46,30.16,34.9982,0.2920,15,64948.10,64843.10
2026-02-25T06:52:59.458Z,ENTRY_SHORT,SHORT,64874.20,5,true,true,true,true,true,29.13,22.68,35.5983,0.3625,15,64909.80,64803.00
2026-02-25T06:54:00.207Z,ENTRY_SHORT,SHORT,64871.40,4,true,true,true,true,false,28.67,14.41,34.6842,0.4134,15,64906.08,64802.03
2026-02-25T06:55:59.651Z,ENTRY_SHORT,SHORT,64829.60,4,true,true,true,true,false,25.51,6.19,33.2170,0.5142,15,64862.82,64763.17
2026-02-25T06:56:59.918Z,ENTRY_SHORT,SHORT,64861.90,4,true,false,true,true,true,32.85,20.53,33.5943,0.5409,15,64895.49,64794.71
2026-02-25T06:59:00.384Z,ENTRY_SHORT,SHORT,64848.10,4,true,true,true,true,false,32.77,25.72,33.9762,0.5647,15,64882.08,64780.15
2026-02-25T07:01:59.324Z,ENTRY_SHORT,SHORT,64881.10,4,true,true,true,true,false,40.01,29.11,31.1644,0.5256,15,64912.26,64818.77
2026-02-25T07:02:59.299Z,ENTRY_SHORT,SHORT,64835.20,4,true,true,true,true,false,34.38,28.90,32.8241,0.5109,15,64868.02,64769.55
2026-02-25T07:06:00.381Z,ENTRY_SHORT,SHORT,64841.60,4,true,true,true,true,false,34.98,38.16,31.6467,0.4161,15,64873.25,64778.31
2026-02-25T07:06:59.547Z,ENTRY_SHORT,SHORT,64813.20,4,true,true,true,true,false,32.92,39.65,31.5719,0.3828,15,64844.77,64750.06
2026-02-25T07:08:00.241Z,ENTRY_SHORT,SHORT,64765.20,4,true,true,true,true,false,27.94,38.38,33.6668,0.3432,15,64798.87,64697.87
2026-02-25T07:11:00.366Z,ENTRY_LONG,LONG,64945.60,4,false,true,true,true,true,56.18,53.35,42.7945,0.2383,15,64902.81,65031.19
2026-02-25T07:13:00.240Z,ENTRY_LONG,LONG,65048.90,4,true,true,true,true,false,65.87,60.16,45.4381,0.3643,15,65003.46,65139.78
2026-02-25T07:15:59.584Z,ENTRY_LONG,LONG,65078.70,5,true,true,true,true,true,65.57,57.23,50.9412,0.4989,15,65027.76,65180.58
2026-02-25T07:16:58.981Z,ENTRY_LONG,LONG,65136.10,5,true,true,true,true,true,69.40,72.40,51.7669,0.5887,15,65084.33,65239.63
2026-02-25T07:17:59.683Z,ENTRY_LONG,LONG,65103.50,4,true,false,true,true,true,64.98,79.40,51.7621,0.6393,15,65051.74,65207.02
2026-02-25T07:19:58.909Z,ENTRY_LONG,LONG,65095.10,4,true,true,true,true,false,63.22,74.82,50.1428,0.6888,15,65044.96,65195.39
2026-02-25T07:23:00.132Z,ENTRY_LONG,LONG,65030.60,4,true,true,true,true,false,54.62,74.08,47.7912,0.6781,15,64982.81,65126.18
2026-02-25T07:23:59.065Z,ENTRY_LONG,LONG,65059.30,4,true,true,true,true,false,57.40,73.58,46.6918,0.6635,15,65012.61,65152.68
2026-02-25T07:25:58.936Z,ENTRY_LONG,LONG,65024.20,4,true,true,true,true,false,53.09,66.91,43.7501,0.5970,15,64980.45,65111.70
2026-02-25T07:26:59.468Z,ENTRY_LONG,LONG,65040.20,4,true,true,true,true,false,54.83,62.87,44.2037,0.5365,15,64996.00,65128.61
2026-02-25T07:27:59.568Z,ENTRY_LONG,LONG,65053.40,4,true,true,true,true,false,56.29,68.33,42.8463,0.4098,15,65010.55,65139.09
2026-02-25T07:28:59.750Z,ENTRY_LONG,LONG,65094.50,4,true,true,true,true,false,59.68,72.29,42.0930,0.3260,15,65052.41,65178.69
2026-02-25T07:30:59.628Z,ENTRY_LONG,LONG,65125.60,4,true,true,true,true,false,63.46,53.98,41.4245,0.2679,15,65084.18,65208.45
2026-02-25T07:36:59.419Z,ENTRY_SHORT,SHORT,65005.80,4,false,true,true,true,true,45.07,35.69,44.1274,0.2568,15,65049.93,64917.55
2026-02-25T07:39:59.648Z,ENTRY_SHORT,SHORT,64995.90,4,true,true,true,true,false,44.17,45.65,40.6065,0.2765,15,65036.51,64914.69
2026-02-25T07:40:59.474Z,ENTRY_SHORT,SHORT,64902.20,5,true,true,true,true,true,34.99,42.45,48.3631,0.3496,15,64950.56,64805.47
2026-02-25T07:41:59.174Z,ENTRY_SHORT,SHORT,64929.40,4,true,false,true,true,true,39.28,28.74,48.6158,0.3828,15,64978.02,64832.17
2026-02-25T07:42:58.987Z,ENTRY_SHORT,SHORT,64922.20,4,true,true,true,true,false,38.63,29.66,48.4718,0.4174,15,64970.67,64825.26
2026-02-25T07:44:00.849Z,ENTRY_SHORT,SHORT,64859.40,4,true,true,true,true,false,33.47,26.45,49.7595,0.4819,15,64909.16,64759.88
2026-02-25T07:48:59.175Z,ENTRY_SHORT,SHORT,64920.00,4,true,true,true,true,false,41.84,31.70,43.9685,0.5419,15,64963.97,64832.06
2026-02-25T07:51:59.360Z,ENTRY_SHORT,SHORT,64947.80,4,true,true,true,true,false,46.07,38.95,40.1435,0.4536,15,64987.94,64867.51
2026-02-25T07:57:00.088Z,ENTRY_LONG,LONG,64991.00,4,true,true,true,true,false,51.85,67.71,35.8837,0.2625,15,64955.12,65062.77
2026-02-25T07:58:00.727Z,ENTRY_LONG,LONG,65005.70,4,true,true,true,true,false,53.99,79.89,36.1563,0.2572,15,64969.54,65078.01
2026-02-25T07:59:59.208Z,ENTRY_LONG,LONG,65002.40,4,true,true,true,true,false,53.28,68.53,34.4649,0.2430,15,64967.94,65071.33
2026-02-25T08:00:58.961Z,ENTRY_LONG,LONG,65011.20,4,true,true,true,true,false,54.65,71.03,34.8245,0.2426,15,64976.38,65080.85
2026-02-25T08:05:59.874Z,ENTRY_LONG,LONG,65021.30,4,true,true,true,true,false,56.38,60.07,38.6130,0.1753,15,64982.69,65098.53
2026-02-25T08:07:00.021Z,ENTRY_LONG,LONG,65029.50,4,true,true,true,true,false,57.58,62.17,39.3407,0.1790,15,64990.16,65108.18
2026-02-25T08:09:59.538Z,ENTRY_LONG,LONG,64998.40,4,true,true,false,true,true,51.51,47.87,41.1958,0.1323,15,64957.20,65080.79
2026-02-25T08:12:59.534Z,ENTRY_SHORT,SHORT,64972.00,4,true,true,true,true,false,46.37,40.10,39.1876,0.1121,15,65011.19,64893.62
2026-02-25T08:13:58.895Z,ENTRY_SHORT,SHORT,64988.00,4,true,false,true,true,true,49.99,43.92,37.9027,0.1123,15,65025.90,64912.19
2026-02-25T08:17:59.296Z,ENTRY_LONG,LONG,65036.60,4,true,true,true,true,false,58.85,53.54,36.8757,0.1269,15,64999.72,65110.35
2026-02-25T08:18:59.167Z,ENTRY_LONG,LONG,65072.10,4,true,true,true,true,false,64.21,52.86,38.6489,0.1620,15,65033.45,65149.40
2026-02-25T08:22:58.862Z,ENTRY_LONG,LONG,65194.00,5,true,true,true,true,true,75.84,69.94,40.7121,0.3491,15,65153.29,65275.42
2026-02-25T08:23:59.704Z,ENTRY_LONG,LONG,65205.00,5,true,true,true,true,true,76.66,84.36,41.2255,0.4145,15,65163.77,65287.45
2026-02-25T08:25:00.401Z,ENTRY_LONG,LONG,65198.40,4,true,false,true,true,true,75.02,88.00,40.0451,0.4522,15,65158.35,65278.49
2026-02-25T08:26:59.784Z,ENTRY_LONG,LONG,65185.60,4,true,true,true,true,false,71.09,79.59,38.5752,0.5108,15,65147.02,65262.75
2026-02-25T08:28:58.948Z,ENTRY_LONG,LONG,65173.00,4,true,true,true,true,false,67.34,66.61,36.8663,0.5294,15,65136.13,65246.73
2026-02-25T08:31:00.501Z,ENTRY_LONG,LONG,65187.70,4,true,true,true,true,false,67.68,65.21,36.8220,0.5182,15,65150.88,65261.34
2026-02-25T08:31:58.862Z,ENTRY_LONG,LONG,65195.60,4,true,true,true,true,false,68.65,66.39,36.2061,0.5041,15,65159.39,65268.01
2026-02-25T08:33:59.832Z,ENTRY_LONG,LONG,65248.40,4,true,true,true,true,false,73.55,67.45,37.4946,0.4647,15,65210.91,65323.39
2026-02-25T08:34:59.141Z,ENTRY_LONG,LONG,65277.50,5,true,true,true,true,true,76.12,70.79,37.2092,0.4608,15,65240.29,65351.92
2026-02-25T08:35:59.264Z,ENTRY_LONG,LONG,65255.10,4,true,false,true,true,true,70.46,62.51,37.0800,0.4434,15,65218.02,65329.26
2026-02-25T08:37:00.380Z,ENTRY_LONG,LONG,65309.70,5,true,true,true,true,true,75.63,61.93,41.9743,0.4285,15,65267.73,65393.65
2026-02-25T08:37:59.220Z,ENTRY_LONG,LONG,65369.70,5,true,true,true,true,true,79.27,65.99,44.0618,0.4557,15,65325.64,65457.82
2026-02-25T08:38:59.606Z,ENTRY_LONG,LONG,65420.30,5,true,true,true,true,true,81.93,71.04,47.5789,0.5166,15,65372.72,65515.46
2026-02-25T08:39:59.038Z,ENTRY_LONG,LONG,65390.40,4,true,false,true,true,true,75.74,66.29,48.3947,0.5252,15,65342.01,65487.19
2026-02-25T08:41:58.913Z,ENTRY_LONG,LONG,65384.50,4,true,true,true,true,false,72.77,69.34,45.8377,0.5278,15,65338.66,65476.18
2026-02-25T08:42:59.716Z,ENTRY_LONG,LONG,65428.00,4,true,true,true,true,false,75.78,73.21,46.4850,0.5692,15,65381.51,65520.97
2026-02-25T08:47:59.120Z,ENTRY_LONG,LONG,65417.40,4,true,true,true,true,false,69.35,66.42,44.5456,0.5633,15,65372.85,65506.49
2026-02-25T08:48:59.094Z,ENTRY_LONG,LONG,65453.10,4,true,true,true,true,false,72.28,65.08,44.8352,0.5543,15,65408.26,65542.77
2026-02-25T08:50:59.190Z,ENTRY_LONG,LONG,65404.30,4,true,true,true,true,false,63.12,59.89,49.6523,0.4648,15,65354.65,65503.60
2026-02-25T08:51:59.255Z,ENTRY_LONG,LONG,65417.60,4,true,true,true,true,false,64.48,53.65,47.9557,0.4163,15,65369.64,65513.51
2026-02-25T08:55:00.303Z,ENTRY_LONG,LONG,65548.50,5,true,true,true,true,true,75.46,62.19,55.5487,0.3344,15,65492.95,65659.60
2026-02-25T08:57:59.740Z,ENTRY_LONG,LONG,65469.80,4,true,true,true,true,false,61.59,57.94,55.7670,0.2894,15,65414.03,65581.33
2026-02-25T08:58:59.890Z,ENTRY_LONG,LONG,65490.20,4,true,true,true,true,false,63.44,60.89,54.3622,0.3027,15,65435.84,65598.92
2026-02-25T09:02:59.375Z,ENTRY_LONG,LONG,65487.50,4,true,true,true,true,false,60.93,57.08,49.3358,0.2943,15,65438.16,65586.17
2026-02-25T09:04:00.796Z,ENTRY_LONG,LONG,65501.20,4,true,true,true,true,false,62.77,60.69,47.9047,0.2944,15,65453.30,65597.01
2026-02-25T09:04:59.592Z,ENTRY_LONG,LONG,65553.50,5,true,true,true,true,true,67.69,70.77,50.2900,0.3127,15,65503.21,65654.08
2026-02-25T09:07:59.389Z,ENTRY_LONG,LONG,65446.10,4,true,true,true,true,false,52.30,57.74,51.2173,0.2617,15,65394.88,65548.53
2026-02-25T09:11:59.910Z,ENTRY_LONG,LONG,65572.70,4,true,false,true,true,true,64.13,57.04,52.8260,0.2838,15,65519.87,65678.35
2026-02-25T09:13:58.872Z,ENTRY_LONG,LONG,65540.30,5,true,true,true,true,true,58.25,56.12,57.7760,0.2591,15,65482.52,65655.85
2026-02-25T09:18:00.788Z,ENTRY_LONG,LONG,65498.50,4,true,true,true,true,false,53.25,55.47,50.2069,0.2378,15,65448.29,65598.91
2026-02-25T09:19:59.059Z,ENTRY_LONG,LONG,65544.30,4,true,true,true,true,false,57.68,52.63,46.3697,0.2430,15,65497.93,65637.04
2026-02-25T09:22:00.166Z,ENTRY_LONG,LONG,65566.60,4,true,true,true,true,false,60.71,59.60,46.5514,0.2423,15,65520.05,65659.70
2026-02-25T09:23:00.404Z,ENTRY_LONG,LONG,65599.90,4,true,true,true,true,false,64.02,58.66,45.6121,0.2678,15,65554.29,65691.12
2026-02-25T09:32:59.388Z,ENTRY_SHORT,SHORT,65457.00,4,true,true,true,true,false,43.91,29.28,39.2986,0.2128,15,65496.30,65378.40
2026-02-25T09:36:58.798Z,ENTRY_SHORT,SHORT,65421.80,4,true,true,true,true,false,40.24,27.02,38.2307,0.2466,15,65460.03,65345.34
2026-02-25T09:37:59.986Z,ENTRY_SHORT,SHORT,65449.90,4,true,false,true,true,true,44.62,25.24,37.5142,0.2585,15,65487.41,65374.87
2026-02-25T09:38:58.912Z,ENTRY_SHORT,SHORT,65414.50,4,true,true,true,true,false,40.59,25.17,37.3703,0.2859,15,65451.87,65339.76
2026-02-25T09:39:59.556Z,ENTRY_SHORT,SHORT,65431.50,4,true,false,true,true,true,43.23,35.62,37.9510,0.2961,15,65469.45,65355.60
2026-02-25T09:40:59.737Z,ENTRY_SHORT,SHORT,65429.90,4,true,true,true,true,false,43.05,35.21,37.9331,0.3049,15,65467.83,65354.03
2026-02-25T09:42:00.774Z,ENTRY_SHORT,SHORT,65429.30,4,true,true,true,true,false,42.97,38.71,36.0164,0.2965,15,65465.32,65357.27
2026-02-25T09:43:59.028Z,ENTRY_SHORT,SHORT,65413.50,4,true,true,true,true,false,41.50,34.05,35.3096,0.2308,15,65448.81,65342.88
2026-02-25T09:47:58.997Z,ENTRY_SHORT,SHORT,65452.00,4,true,true,true,true,false,48.19,47.78,32.0827,0.1970,15,65484.08,65387.83
2026-02-25T09:49:58.868Z,ENTRY_LONG,LONG,65509.90,4,true,true,true,true,false,57.09,54.22,33.8188,0.1779,15,65476.08,65577.54
2026-02-25T09:51:59.954Z,ENTRY_LONG,LONG,65529.50,4,true,true,true,true,false,59.71,74.65,32.7983,0.2057,15,65496.70,65595.10
2026-02-25T09:53:59.836Z,ENTRY_LONG,LONG,65520.30,4,true,true,true,true,false,57.81,75.68,31.3210,0.2307,15,65488.98,65582.94
2026-02-25T09:56:58.800Z,ENTRY_LONG,LONG,65506.40,4,true,true,true,true,false,54.45,71.37,28.3669,0.2385,15,65478.03,65563.13
2026-02-25T09:58:00.442Z,ENTRY_LONG,LONG,65520.30,4,true,true,true,true,false,57.09,83.30,27.7764,0.2453,15,65492.52,65575.85
2026-02-25T09:58:59.459Z,ENTRY_LONG,LONG,65536.60,4,true,true,true,true,false,60.01,82.43,27.3210,0.2436,15,65509.28,65591.24
2026-02-25T10:01:00.108Z,ENTRY_LONG,LONG,65542.80,4,true,true,true,true,false,60.17,72.95,27.3997,0.2384,15,65515.40,65597.60
2026-02-25T10:01:59.091Z,ENTRY_LONG,LONG,65506.90,4,true,false,true,true,true,51.77,60.19,31.8569,0.2230,15,65475.04,65570.61
2026-02-25T10:03:59.138Z,ENTRY_SHORT,SHORT,65455.90,4,false,true,true,true,true,42.39,36.65,33.2797,0.1899,15,65489.18,65389.34
2026-02-25T10:06:59.689Z,ENTRY_SHORT,SHORT,65463.60,4,true,true,true,true,false,44.61,37.88,33.7983,0.1535,15,65497.40,65396.00
2026-02-25T10:09:59.405Z,ENTRY_LONG,LONG,65516.50,4,true,true,true,true,false,54.57,50.24,34.1544,0.1365,15,65482.35,65584.81
2026-02-25T10:11:59.694Z,ENTRY_SHORT,SHORT,65456.10,4,true,true,true,true,false,43.65,44.56,33.9795,0.1520,15,65490.08,65388.14
2026-02-25T10:14:59.052Z,ENTRY_LONG,LONG,65532.30,4,true,true,true,true,false,56.94,53.66,33.6819,0.1532,15,65498.62,65599.66
2026-02-25T10:16:00.382Z,ENTRY_LONG,LONG,65524.40,4,true,false,true,true,true,53.78,65.28,38.7046,0.1549,15,65485.70,65601.81
2026-02-25T10:17:00.529Z,ENTRY_LONG,LONG,65521.10,4,true,true,true,true,false,54.64,66.67,38.4472,0.1573,15,65482.65,65597.99
2026-02-25T10:21:59.187Z,ENTRY_SHORT,SHORT,65421.30,4,true,true,true,true,false,37.82,47.97,35.8885,0.1721,15,65457.19,65349.52
2026-02-25T10:22:59.875Z,ENTRY_SHORT,SHORT,65389.40,5,true,true,true,true,true,33.66,30.95,36.0751,0.2130,15,65425.48,65317.25
2026-02-25T10:23:59.459Z,ENTRY_SHORT,SHORT,65367.90,5,true,true,true,true,true,31.18,24.68,35.4340,0.2582,15,65403.33,65297.03
2026-02-25T10:24:59.119Z,ENTRY_SHORT,SHORT,65362.30,4,true,true,true,true,false,30.55,22.78,34.2744,0.2971,15,65396.57,65293.75
2026-02-25T10:25:58.902Z,ENTRY_SHORT,SHORT,65354.60,5,true,true,true,true,true,29.66,20.86,32.9191,0.3325,15,65387.52,65288.76
2026-02-25T10:26:59.142Z,ENTRY_SHORT,SHORT,65343.10,4,true,true,true,true,false,28.33,17.78,32.2463,0.3682,15,65375.35,65278.61
2026-02-25T10:28:59.800Z,ENTRY_SHORT,SHORT,65342.20,5,true,true,true,true,true,31.05,14.91,33.8134,0.4006,15,65376.01,65274.57
2026-02-25T10:30:00.204Z,ENTRY_SHORT,SHORT,65340.30,4,true,true,true,true,false,30.80,8.36,32.5624,0.4073,15,65372.86,65275.18
2026-02-25T10:31:00.745Z,ENTRY_SHORT,SHORT,65335.10,4,true,true,true,true,false,30.11,8.33,31.1437,0.4226,15,65366.24,65272.81
2026-02-25T10:32:59.056Z,ENTRY_SHORT,SHORT,65321.90,5,true,true,true,true,true,30.16,13.23,30.9091,0.4417,15,65352.81,65260.08
2026-02-25T10:33:58.913Z,ENTRY_SHORT,SHORT,65323.80,4,true,false,true,true,true,30.77,23.63,29.9942,0.4359,15,65353.79,65263.81
2026-02-25T10:38:00.027Z,ENTRY_SHORT,SHORT,65359.60,4,true,true,true,true,false,42.88,40.79,29.8809,0.2663,15,65389.48,65299.84
2026-02-25T10:38:59.034Z,ENTRY_SHORT,SHORT,65352.70,4,true,true,true,true,false,41.67,42.36,29.7322,0.2269,15,65382.43,65293.24
2026-02-25T10:48:00.037Z,ENTRY_LONG,LONG,65436.60,5,true,true,true,true,true,60.11,83.98,28.4424,0.1657,15,65408.16,65493.48
2026-02-25T10:49:59.304Z,ENTRY_LONG,LONG,65448.00,4,true,true,true,true,false,61.91,77.18,27.8606,0.2109,15,65420.14,65503.72
2026-02-25T10:56:58.771Z,ENTRY_SHORT,SHORT,65365.70,4,true,true,true,true,false,43.23,43.31,26.7633,0.1794,15,65392.46,65312.17
2026-02-25T10:57:59.004Z,ENTRY_SHORT,SHORT,65350.30,4,true,true,true,true,false,40.46,39.98,25.9517,0.1829,15,65376.25,65298.40
2026-02-25T10:58:59.033Z,ENTRY_SHORT,SHORT,65329.70,4,true,true,true,true,false,37.04,36.58,25.5694,0.1943,15,65355.27,65278.56
2026-02-25T11:01:00.040Z,ENTRY_SHORT,SHORT,65352.00,4,true,true,true,true,false,43.31,45.63,25.6476,0.1965,15,65377.65,65300.70
2026-02-25T11:01:59.954Z,ENTRY_SHORT,SHORT,65328.40,5,true,true,true,true,true,39.46,22.46,25.7871,0.2121,15,65354.19,65276.83
2026-02-25T11:03:09.679Z,ENTRY_SHORT,SHORT,65326.00,5,true,true,true,true,true,39.08,19.75,24.2451,0.2261,15,65350.25,65277.51
2026-02-25T11:03:58.972Z,ENTRY_SHORT,SHORT,65297.70,4,true,true,true,true,false,34.82,15.72,25.3848,0.2548,15,65323.08,65246.93
2026-02-25T11:05:59.228Z,ENTRY_SHORT,SHORT,65215.70,5,true,true,true,true,true,26.79,18.19,34.5307,0.3598,15,65250.23,65146.64
2026-02-25T11:06:59.033Z,ENTRY_SHORT,SHORT,65182.70,5,true,true,true,true,true,25.65,14.68,35.4714,0.4342,15,65218.17,65111.76
2026-02-25T11:07:59.686Z,ENTRY_SHORT,SHORT,65226.60,4,true,false,true,true,true,34.41,22.39,37.8092,0.4534,15,65264.41,65150.98
2026-02-25T11:09:59.776Z,ENTRY_SHORT,SHORT,65258.00,4,true,true,true,true,false,40.46,32.18,37.2844,0.4326,15,65295.28,65183.43
2026-02-25T11:11:00.086Z,ENTRY_SHORT,SHORT,65252.70,4,true,true,true,true,false,39.86,35.44,36.3355,0.4164,15,65289.04,65180.03
2026-02-25T11:12:58.979Z,ENTRY_SHORT,SHORT,65286.90,4,true,true,true,true,false,45.86,38.20,37.8745,0.3748,15,65324.77,65211.15
2026-02-25T11:13:59.044Z,ENTRY_SHORT,SHORT,65276.70,4,true,true,true,true,false,44.60,34.02,36.0692,0.3505,15,65312.77,65204.56
2026-02-25T11:14:59.524Z,ENTRY_SHORT,SHORT,65209.20,4,true,true,true,true,false,37.33,28.54,38.3143,0.3574,15,65247.51,65132.57
2026-02-25T11:15:59.644Z,ENTRY_SHORT,SHORT,65225.50,4,true,false,true,true,true,39.88,27.35,37.9132,0.3425,15,65263.41,65149.67
2026-02-25T11:16:59.165Z,ENTRY_SHORT,SHORT,65192.00,4,true,true,true,true,false,36.58,29.40,37.5980,0.3461,15,65229.60,65116.80
2026-02-25T11:18:59.179Z,ENTRY_SHORT,SHORT,65191.10,4,true,true,true,true,false,36.65,31.60,36.0733,0.3527,15,65227.17,65118.95
2026-02-25T11:19:59.581Z,ENTRY_SHORT,SHORT,65169.60,4,true,true,true,true,false,34.41,34.94,35.3538,0.3421,15,65204.95,65098.89
2026-02-25T11:28:58.766Z,ENTRY_LONG,LONG,65343.50,4,true,true,true,true,false,57.98,51.50,36.8936,0.3474,15,65306.61,65417.29
2026-02-25T11:31:59.615Z,ENTRY_LONG,LONG,65310.30,4,true,true,true,true,false,52.73,62.58,34.9612,0.3574,15,65275.34,65380.22
2026-02-25T11:32:59.269Z,ENTRY_LONG,LONG,65317.40,4,true,true,true,true,false,53.73,60.16,33.7068,0.3627,15,65283.69,65384.81
2026-02-25T11:33:59.461Z,ENTRY_LONG,LONG,65343.90,4,true,true,true,true,false,57.33,67.99,33.3849,0.3760,15,65310.52,65410.67
2026-02-25T11:34:59.833Z,ENTRY_LONG,LONG,65327.50,4,true,false,true,true,true,54.50,59.26,33.6074,0.3714,15,65293.89,65394.71
2026-02-25T11:36:00.283Z,ENTRY_LONG,LONG,65337.10,4,true,true,true,true,false,55.87,55.61,32.1998,0.3712,15,65304.90,65401.50
2026-02-25T11:36:59.457Z,ENTRY_LONG,LONG,65341.70,4,true,true,true,true,false,56.55,52.10,32.6641,0.3546,15,65309.04,65407.03
2026-02-25T11:38:00.639Z,ENTRY_LONG,LONG,65371.50,4,true,true,true,true,false,60.75,50.14,33.2666,0.3417,15,65338.23,65438.03
2026-02-25T11:38:59.571Z,ENTRY_LONG,LONG,65397.00,5,true,true,true,true,true,63.96,61.58,34.1690,0.3279,15,65362.83,65465.34
2026-02-25T11:39:59.017Z,ENTRY_LONG,LONG,65427.70,5,true,true,true,true,true,67.41,65.93,34.8569,0.2986,15,65392.84,65497.41
2026-02-25T11:40:59.947Z,ENTRY_LONG,LONG,65422.90,4,true,false,true,true,true,66.34,73.31,34.2600,0.2532,15,65388.64,65491.42
2026-02-25T11:44:59.997Z,ENTRY_LONG,LONG,65398.50,4,true,true,true,true,false,59.00,70.40,35.1607,0.2324,15,65363.34,65468.82
2026-02-25T11:46:59.776Z,ENTRY_LONG,LONG,65386.20,4,true,true,true,true,false,56.50,58.99,32.6814,0.2301,15,65353.52,65451.56
2026-02-25T11:48:00.029Z,ENTRY_LONG,LONG,65388.10,4,true,true,true,true,false,56.79,58.38,31.7827,0.2263,15,65356.32,65451.67
2026-02-25T11:51:59.086Z,ENTRY_LONG,LONG,65367.30,4,true,true,true,true,false,52.29,52.70,27.4625,0.1787,15,65339.84,65422.22
2026-02-25T11:59:58.974Z,ENTRY_LONG,LONG,65389.50,5,true,true,true,true,true,55.33,50.93,26.2763,0.1034,15,65363.22,65442.05
2026-02-25T12:02:00.314Z,ENTRY_LONG,LONG,65409.60,5,true,true,true,true,true,58.64,50.35,28.2188,0.0895,15,65381.38,65466.04
2026-02-25T12:02:58.953Z,ENTRY_LONG,LONG,65439.20,5,true,true,true,true,true,63.33,68.88,31.8032,0.1203,15,65407.40,65502.81
2026-02-25T12:03:59.326Z,ENTRY_LONG,LONG,65395.20,4,true,false,true,true,true,53.60,54.28,32.8030,0.1163,15,65362.40,65460.81
2026-02-25T12:06:00.228Z,ENTRY_LONG,LONG,65392.60,4,true,true,true,true,false,52.94,53.12,32.6439,0.1154,15,65359.96,65457.89
2026-02-25T12:07:00.690Z,ENTRY_SHORT,SHORT,65300.40,4,true,true,true,true,false,39.07,48.58,37.4622,0.1596,15,65337.86,65225.48
2026-02-25T12:08:00.490Z,ENTRY_LONG,LONG,65364.10,4,false,true,true,true,true,49.01,51.33,39.8220,0.1602,15,65324.28,65443.74
2026-02-25T12:10:00.534Z,ENTRY_LONG,LONG,65441.30,4,true,true,true,true,false,58.31,56.21,42.3573,0.1807,15,65398.94,65526.01
2026-02-25T12:11:00.215Z,ENTRY_LONG,LONG,65462.50,5,true,true,true,true,true,60.50,62.92,41.7675,0.2066,15,65420.73,65546.03
2026-02-25T12:12:59.667Z,ENTRY_LONG,LONG,65461.50,4,true,true,true,true,false,59.56,62.29,38.6010,0.2367,15,65422.90,65538.70
2026-02-25T12:14:58.723Z,ENTRY_LONG,LONG,65460.00,4,true,true,true,true,false,59.19,68.10,36.0397,0.2636,15,65423.96,65532.08
2026-02-25T12:15:58.756Z,ENTRY_LONG,LONG,65528.90,5,true,true,true,true,true,66.53,74.20,40.9511,0.3095,15,65487.95,65610.80
2026-02-25T12:17:00.395Z,ENTRY_LONG,LONG,65501.10,4,true,false,true,true,true,64.53,51.62,41.7546,0.3351,15,65459.35,65584.61
2026-02-25T12:18:58.907Z,ENTRY_LONG,LONG,65494.20,4,true,true,true,true,false,59.91,55.44,40.1879,0.3385,15,65454.01,65574.58
2026-02-25T12:19:59.383Z,ENTRY_LONG,LONG,65680.80,5,true,true,true,true,true,74.36,68.10,54.5245,0.4706,15,65626.28,65789.85
2026-02-25T12:20:59.092Z,ENTRY_LONG,LONG,65751.30,5,true,true,true,true,true,77.65,78.94,57.1084,0.6136,15,65694.19,65865.52
2026-02-25T12:21:59.474Z,ENTRY_LONG,LONG,65773.00,5,true,true,true,true,true,78.56,81.75,57.3578,0.7337,15,65715.64,65887.72
2026-02-25T12:22:58.866Z,ENTRY_LONG,LONG,65863.40,5,true,true,true,true,true,81.87,84.29,64.2037,0.8892,10,65799.20,65991.81
2026-02-25T12:24:00.351Z,ENTRY_LONG,LONG,65841.70,4,true,false,true,true,true,78.02,87.60,64.7392,0.9793,15,65776.96,65971.18
2026-02-25T12:24:58.891Z,ENTRY_LONG,LONG,65732.30,4,true,false,true,true,true,65.19,80.15,69.1006,0.9935,10,65663.20,65870.50
2026-02-25T12:27:00.298Z,ENTRY_LONG,LONG,65756.70,4,true,true,true,true,false,65.45,77.79,65.5827,0.9572,15,65691.12,65887.87
2026-02-25T12:27:59.901Z,ENTRY_LONG,LONG,65749.90,4,true,true,true,true,false,65.54,77.94,62.5411,0.9317,15,65687.36,65874.98
2026-02-25T12:29:00.068Z,ENTRY_LONG,LONG,65773.10,4,true,true,true,true,false,67.03,78.19,60.2239,0.9116,15,65712.88,65893.55
2026-02-25T12:32:59.358Z,ENTRY_LONG,LONG,65751.30,4,true,true,true,true,false,63.09,83.75,56.9900,0.7798,15,65694.31,65865.28
2026-02-25T12:33:59.708Z,ENTRY_LONG,LONG,65803.40,4,true,true,true,true,false,67.08,82.16,59.5122,0.7332,15,65743.89,65922.42
2026-02-25T12:35:59.257Z,ENTRY_LONG,LONG,65783.90,4,true,true,true,true,false,63.08,71.10,57.0299,0.6171,15,65726.87,65897.96
2026-02-25T12:36:59.935Z,ENTRY_LONG,LONG,65832.30,4,true,true,true,true,false,66.69,66.30,57.6706,0.5638,15,65774.63,65947.64
2026-02-25T12:40:59.526Z,ENTRY_LONG,LONG,65761.90,4,true,true,true,true,false,57.14,52.32,55.6545,0.2342,15,65706.25,65873.21
2026-02-25T12:41:59.689Z,ENTRY_LONG,LONG,65803.20,4,true,true,true,true,false,60.77,50.66,55.8149,0.2389,15,65747.39,65914.83
2026-02-25T12:50:00.677Z,ENTRY_LONG,LONG,65978.00,5,true,true,true,true,true,75.37,58.97,55.1900,0.3227,15,65922.81,66088.38
2026-02-25T12:50:58.927Z,ENTRY_LONG,LONG,66000.00,5,true,true,true,true,true,76.60,73.66,62.0193,0.4134,15,65937.98,66124.04
2026-02-25T12:51:59.175Z,ENTRY_LONG,LONG,66004.90,5,true,true,true,true,true,76.87,65.28,62.1965,0.4740,15,65942.70,66129.29
2026-02-25T12:52:58.730Z,ENTRY_LONG,LONG,66169.00,5,true,true,true,true,true,83.77,75.81,71.6325,0.6515,15,66097.37,66312.26
2026-02-25T12:53:58.879Z,ENTRY_LONG,LONG,66122.80,4,true,false,true,true,true,76.82,81.36,69.8159,0.7475,15,66052.98,66262.43
2026-02-25T12:54:59.921Z,ENTRY_LONG,LONG,66106.70,4,true,false,true,true,true,74.50,82.89,72.0790,0.8032,15,66034.62,66250.86
2026-02-25T12:55:59.228Z,ENTRY_LONG,LONG,65977.90,4,true,false,true,true,true,58.00,73.82,78.2377,0.8014,15,65899.66,66134.38
2026-02-25T12:56:59.128Z,ENTRY_LONG,LONG,66029.40,4,true,true,true,true,false,62.08,70.33,78.2992,0.8203,15,65951.10,66186.00
2026-02-25T12:58:59.942Z,ENTRY_LONG,LONG,65999.80,4,true,true,true,true,false,58.92,67.08,71.7927,0.7913,15,65928.01,66143.39
2026-02-25T13:00:00.192Z,ENTRY_LONG,LONG,66034.60,4,true,true,true,true,false,61.28,69.39,70.8290,0.7624,15,65963.77,66176.26
2026-02-25T13:00:58.705Z,ENTRY_LONG,LONG,66074.50,4,true,true,true,true,false,63.84,70.20,71.0912,0.7462,15,66003.41,66216.68
2026-02-25T13:02:59.557Z,ENTRY_LONG,LONG,66115.40,4,true,true,true,true,false,64.27,73.11,74.5623,0.7155,15,66040.84,66264.52
2026-02-25T13:03:59.215Z,ENTRY_LONG,LONG,66119.10,5,true,true,true,true,true,65.01,74.42,76.7007,0.6937,15,66042.40,66272.50
2026-02-25T13:05:58.957Z,ENTRY_LONG,LONG,66159.90,4,true,true,true,true,false,65.77,74.81,79.0429,0.6240,15,66080.86,66317.99
2026-02-25T13:06:58.989Z,ENTRY_LONG,LONG,66228.70,4,true,true,true,true,false,69.39,71.51,80.2970,0.6102,15,66148.40,66389.29
2026-02-25T13:11:59.098Z,ENTRY_LONG,LONG,66081.60,4,true,true,true,true,false,55.02,62.58,72.4622,0.3895,15,66009.14,66226.52
2026-02-25T13:14:00.565Z,ENTRY_LONG,LONG,66056.40,4,true,true,true,true,false,52.53,60.79,70.3562,0.3762,15,65986.04,66197.11
2026-02-25T13:29:00.159Z,ENTRY_LONG,LONG,66186.00,4,true,true,false,true,true,63.95,46.86,59.2376,0.2713,15,66126.76,66304.48
2026-02-25T13:37:00.624Z,ENTRY_LONG,LONG,66210.90,4,true,true,true,true,false,62.61,56.89,54.8053,0.3371,15,66156.09,66320.51
2026-02-25T13:37:58.894Z,ENTRY_LONG,LONG,66264.80,5,true,true,true,true,true,66.74,65.63,54.8550,0.3856,15,66209.95,66374.51
2026-02-25T13:41:00.613Z,ENTRY_LONG,LONG,66254.70,5,true,true,true,true,true,63.46,70.92,52.1326,0.4110,15,66202.57,66358.97
2026-02-25T13:41:59.039Z,ENTRY_LONG,LONG,66278.90,4,true,true,true,true,false,65.40,74.71,51.0731,0.4000,15,66227.83,66381.05
2026-02-25T13:43:00.529Z,ENTRY_LONG,LONG,66362.10,5,true,true,true,true,true,71.08,82.22,54.2893,0.4490,15,66307.81,66470.68
2026-02-25T13:43:59.046Z,ENTRY_LONG,LONG,66261.50,4,true,false,true,true,true,58.56,66.62,58.8830,0.4383,15,66202.62,66379.27
2026-02-25T13:45:00.639Z,ENTRY_LONG,LONG,66279.20,4,true,true,true,true,false,59.90,62.50,58.5770,0.4254,15,66220.62,66396.35
2026-02-25T13:45:59.320Z,ENTRY_LONG,LONG,66334.80,4,true,true,true,true,false,63.85,63.61,59.5787,0.4520,15,66275.22,66453.96
2026-02-25T13:46:59.676Z,ENTRY_LONG,LONG,66291.50,4,true,false,true,true,true,58.97,68.23,63.4016,0.4432,15,66228.10,66418.30
2026-02-25T13:47:59.210Z,ENTRY_LONG,LONG,66449.90,5,true,true,true,true,true,68.46,72.39,70.1872,0.5221,15,66379.71,66590.27
2026-02-25T13:49:00.033Z,ENTRY_LONG,LONG,66486.00,5,true,true,true,true,true,70.15,76.59,70.9310,0.6160,15,66415.07,66627.86
2026-02-25T13:49:59.532Z,ENTRY_LONG,LONG,66606.00,5,true,true,true,true,true,75.07,79.08,78.2859,0.7612,15,66527.71,66762.57
2026-02-25T13:51:00.640Z,ENTRY_LONG,LONG,66425.10,4,true,false,true,true,true,59.34,69.57,85.9369,0.7648,15,66339.16,66596.97
2026-02-25T13:52:59.786Z,ENTRY_LONG,LONG,66373.60,4,true,true,true,true,false,55.60,61.97,82.4084,0.7289,15,66291.19,66538.42
2026-02-25T13:56:00.632Z,ENTRY_LONG,LONG,66274.10,4,true,true,true,true,false,49.29,60.21,75.5520,0.5902,15,66198.55,66425.20
2026-02-25T14:07:01.109Z,ENTRY_LONG,LONG,66391.50,4,true,true,true,true,false,60.44,64.24,64.7579,0.6585,15,66326.74,66521.02
2026-02-25T14:09:00.429Z,ENTRY_LONG,LONG,66414.60,4,true,true,true,true,false,61.17,64.40,68.8489,0.6058,15,66345.75,66552.30
2026-02-25T14:11:00.446Z,ENTRY_LONG,LONG,66423.90,4,true,true,true,true,false,61.50,63.21,66.8784,0.4625,15,66357.02,66557.66
2026-02-25T14:12:00.246Z,ENTRY_LONG,LONG,66437.50,4,true,true,true,true,false,62.49,61.76,65.8942,0.4942,15,66371.61,66569.29
2026-02-25T14:13:00.488Z,ENTRY_LONG,LONG,66443.70,4,true,true,true,true,false,62.96,68.73,62.2589,0.5208,15,66381.44,66568.22
2026-02-25T14:15:01.646Z,ENTRY_LONG,LONG,66446.50,4,true,true,true,true,false,63.00,70.12,56.5559,0.5744,15,66389.94,66559.61
2026-02-25T14:16:01.305Z,ENTRY_LONG,LONG,66436.20,4,true,false,true,true,true,60.95,65.63,56.4590,0.5890,15,66379.74,66549.12
2026-02-25T14:17:00.390Z,ENTRY_LONG,LONG,66484.80,5,true,true,true,true,true,65.17,69.08,59.9620,0.5973,15,66424.84,66604.72
2026-02-25T14:18:00.758Z,ENTRY_LONG,LONG,66423.40,4,true,false,true,true,true,57.19,58.89,62.9933,0.5841,15,66360.41,66549.39
2026-02-25T14:19:00.713Z,ENTRY_LONG,LONG,66484.50,4,true,true,true,true,false,62.51,59.41,63.3723,0.5641,15,66421.13,66611.24
2026-02-25T14:21:01.290Z,ENTRY_LONG,LONG,66521.60,4,true,true,true,true,false,63.98,55.63,61.9317,0.5000,15,66459.67,66645.46
2026-02-25T14:23:02.145Z,ENTRY_LONG,LONG,66514.70,4,true,true,true,true,false,62.61,58.44,59.5473,0.4175,15,66455.15,66633.79
2026-02-25T14:25:00.913Z,ENTRY_LONG,LONG,66520.00,4,true,true,true,true,false,63.06,65.82,54.3826,0.3207,15,66465.62,66628.77
2026-02-25T14:27:00.277Z,ENTRY_LONG,LONG,66532.40,4,true,true,true,true,false,63.32,62.15,52.9610,0.2776,15,66479.44,66638.32
2026-02-25T14:28:00.882Z,ENTRY_LONG,LONG,66571.50,4,true,true,true,true,false,66.80,62.91,52.4352,0.2764,15,66519.06,66676.37
2026-02-25T14:30:01.679Z,ENTRY_LONG,LONG,66544.60,4,true,true,true,true,false,61.55,66.01,50.9860,0.2649,15,66493.61,66646.57
2026-02-25T14:32:00.513Z,ENTRY_LONG,LONG,66571.50,4,true,true,true,true,false,61.21,65.11,58.2389,0.2626,15,66513.26,66687.98
2026-02-25T14:33:01.460Z,ENTRY_LONG,LONG,66432.00,4,true,false,true,true,true,47.26,75.30,76.4933,0.2672,15,66355.51,66584.99
2026-02-25T14:34:01.821Z,ENTRY_LONG,LONG,66550.80,5,true,true,true,true,true,56.38,66.79,83.6866,0.2653,15,66467.11,66718.17
2026-02-25T14:38:01.587Z,ENTRY_SHORT,SHORT,66318.50,4,true,true,true,true,false,41.48,46.53,102.6724,0.4654,10,66421.17,66113.16
2026-02-25T14:39:02.142Z,ENTRY_SHORT,SHORT,66279.80,4,true,true,true,true,false,39.37,42.02,101.7243,0.5373,15,66381.52,66076.35
2026-02-25T14:40:00.329Z,ENTRY_SHORT,SHORT,66232.10,4,true,true,true,true,false,36.89,40.41,101.3155,0.6244,15,66333.42,66029.47
2026-02-25T14:42:01.043Z,ENTRY_SHORT,SHORT,66332.10,4,true,true,true,true,false,45.40,46.38,111.0822,0.6391,15,66443.18,66109.94
2026-02-25T14:43:01.040Z,ENTRY_SHORT,SHORT,66295.60,4,true,true,true,true,false,43.52,44.97,112.2978,0.6629,15,66407.90,66071.00
2026-02-25T14:44:00.640Z,ENTRY_SHORT,SHORT,66203.40,4,true,true,true,true,false,39.13,40.14,111.4122,0.7216,15,66314.81,65980.58
2026-02-25T14:48:00.577Z,ENTRY_LONG,LONG,66710.90,4,true,true,false,true,true,63.98,45.66,131.7221,0.8210,15,66579.18,66974.34
2026-02-25T14:52:01.742Z,ENTRY_LONG,LONG,66805.00,4,true,true,true,true,false,65.91,58.19,135.3039,1.1560,15,66669.70,67075.61
2026-02-25T14:55:00.755Z,ENTRY_LONG,LONG,66666.00,4,true,true,true,true,false,57.34,52.73,128.6741,1.2543,15,66537.33,66923.35
2026-02-25T14:56:01.391Z,ENTRY_LONG,LONG,66716.80,4,true,true,true,true,false,59.65,50.91,125.1403,1.2633,15,66591.66,66967.08
2026-02-25T14:57:00.606Z,ENTRY_LONG,LONG,66778.30,4,true,true,true,true,false,62.32,55.48,122.5088,1.2901,15,66655.79,67023.32
2026-02-25T14:58:01.964Z,ENTRY_LONG,LONG,66850.10,4,true,true,true,true,false,65.22,61.31,121.5868,1.3232,15,66728.51,67093.27
2026-02-25T14:59:00.174Z,ENTRY_LONG,LONG,66865.30,5,true,true,true,true,true,65.81,68.84,118.6663,1.3274,15,66746.63,67102.63
2026-02-25T15:00:01.798Z,ENTRY_LONG,LONG,66933.90,4,true,true,true,true,false,68.45,70.34,122.3044,1.3116,15,66811.60,67178.51
2026-02-25T15:01:00.131Z,ENTRY_LONG,LONG,66986.60,5,true,true,true,true,true,70.35,74.86,121.8898,1.3667,15,66864.71,67230.38
2026-02-25T15:02:02.121Z,ENTRY_LONG,LONG,67076.50,5,true,true,true,true,true,73.29,75.67,126.8834,1.4057,15,66949.62,67330.27
2026-02-25T15:03:00.689Z,ENTRY_LONG,LONG,67092.80,5,true,true,true,true,true,73.80,88.28,123.9846,1.3971,15,66968.82,67340.77
2026-02-25T15:04:00.958Z,ENTRY_LONG,LONG,67181.10,5,true,true,true,true,true,76.41,90.43,123.8142,1.3267,15,67057.29,67428.73
2026-02-25T15:08:01.509Z,ENTRY_LONG,LONG,66819.50,4,true,true,true,true,false,51.80,72.52,125.1805,0.9043,15,66694.32,67069.86
2026-02-25T15:09:01.298Z,ENTRY_LONG,LONG,66849.90,4,true,true,true,true,false,53.33,67.89,123.4676,0.8749,15,66726.43,67096.84
2026-02-25T15:11:01.301Z,ENTRY_LONG,LONG,66792.00,4,true,true,true,true,false,50.24,61.43,119.2491,0.8589,15,66672.75,67030.50
2026-02-25T15:12:01.403Z,ENTRY_LONG,LONG,66819.60,4,true,true,true,true,false,51.69,61.64,114.6599,0.8571,15,66704.94,67048.92
2026-02-25T15:14:01.753Z,ENTRY_LONG,LONG,66849.90,4,true,true,true,true,false,53.58,55.60,106.2348,0.7861,15,66743.67,67062.37
2026-02-25T15:21:00.280Z,ENTRY_SHORT,SHORT,66720.00,4,true,true,true,true,false,43.33,23.66,100.6888,0.7167,15,66820.69,66518.62
2026-02-25T15:23:00.769Z,ENTRY_SHORT,SHORT,66709.60,4,true,true,true,true,false,43.11,35.68,99.6592,0.6653,15,66809.26,66510.28
2026-02-25T15:27:00.560Z,ENTRY_LONG,LONG,66950.00,4,true,true,true,true,false,58.55,58.83,96.2020,0.4075,15,66853.80,67142.40
2026-02-25T15:28:00.534Z,ENTRY_LONG,LONG,66975.00,4,true,true,true,true,false,59.92,59.50,93.8376,0.4460,15,66881.16,67162.68
2026-02-25T15:29:00.213Z,ENTRY_LONG,LONG,66983.50,4,true,true,true,true,false,60.39,69.62,90.0635,0.4827,15,66893.44,67163.63
2026-02-25T15:30:00.244Z,ENTRY_LONG,LONG,67027.40,4,true,true,true,true,false,62.85,66.00,90.2590,0.5269,15,66937.14,67207.92
2026-02-25T15:32:00.119Z,ENTRY_LONG,LONG,67168.40,4,true,true,true,true,false,67.68,65.61,99.6513,0.6587,15,67068.75,67367.70
2026-02-25T15:33:00.148Z,ENTRY_LONG,LONG,67154.60,4,true,false,true,true,true,66.52,72.63,96.0477,0.7357,15,67058.55,67346.70
2026-02-25T15:34:00.102Z,ENTRY_LONG,LONG,67333.40,5,true,true,true,true,true,73.37,79.42,104.7657,0.9292,15,67228.63,67542.93
2026-02-25T15:35:00.136Z,ENTRY_LONG,LONG,67204.50,4,true,false,true,true,true,62.29,51.41,109.9253,0.9745,15,67094.57,67424.35
2026-02-25T15:36:01.481Z,ENTRY_LONG,LONG,67373.20,5,true,true,true,true,true,68.47,55.40,117.3163,1.1228,15,67255.88,67607.83
2026-02-25T15:37:00.765Z,ENTRY_LONG,LONG,67337.10,4,true,false,true,true,true,65.88,63.51,116.4080,1.2165,15,67220.69,67569.92
2026-02-25T15:38:01.404Z,ENTRY_LONG,LONG,67307.70,4,true,false,true,true,true,64.04,56.87,114.2717,1.2826,15,67193.43,67536.24
2026-02-25T15:41:00.971Z,ENTRY_LONG,LONG,67292.20,4,true,true,true,true,false,62.90,53.75,105.8822,1.2798,15,67186.32,67503.96
2026-02-25T15:42:00.325Z,ENTRY_LONG,LONG,67337.50,4,true,true,true,true,false,64.70,54.02,102.7620,1.2337,15,67234.74,67543.02
2026-02-25T15:43:00.820Z,ENTRY_LONG,LONG,67401.60,4,true,true,true,true,false,67.54,54.98,101.4862,1.1580,15,67300.11,67604.57
2026-02-25T15:44:00.427Z,ENTRY_LONG,LONG,67475.10,4,true,true,true,true,false,70.30,56.62,102.8729,1.1297,15,67372.23,67680.85
2026-02-25T15:45:01.152Z,ENTRY_LONG,LONG,67474.60,4,true,false,true,true,true,70.26,63.23,98.7248,1.0848,15,67375.88,67672.05
2026-02-25T15:47:00.874Z,ENTRY_LONG,LONG,67528.80,4,true,true,true,true,false,69.85,58.88,101.4831,0.9994,15,67427.32,67731.77
2026-02-25T15:50:00.687Z,ENTRY_LONG,LONG,67470.50,4,true,true,true,true,false,63.68,64.43,101.8199,0.7761,15,67368.68,67674.14
2026-02-25T16:07:00.702Z,ENTRY_LONG,LONG,67528.40,4,true,true,true,true,false,64.98,51.36,90.8965,0.4891,15,67437.50,67710.19
2026-02-25T16:08:00.163Z,ENTRY_LONG,LONG,67574.80,4,true,true,true,true,false,67.46,63.65,91.1539,0.5517,15,67483.65,67757.11
2026-02-25T16:09:00.339Z,ENTRY_LONG,LONG,67463.30,4,true,false,true,true,true,57.02,58.99,92.6072,0.5605,15,67370.69,67648.51
2026-02-25T16:11:01.578Z,ENTRY_LONG,LONG,67535.80,4,true,true,true,true,false,61.38,61.04,93.6174,0.5936,15,67442.18,67723.03
2026-02-25T16:12:01.275Z,ENTRY_LONG,LONG,67580.00,4,true,true,true,true,false,63.10,64.72,90.4162,0.6413,15,67489.58,67760.83
2026-02-25T16:13:00.136Z,ENTRY_LONG,LONG,67636.00,5,true,true,true,true,true,69.31,76.82,98.1150,0.7489,15,67537.88,67832.23
2026-02-25T16:14:00.654Z,ENTRY_LONG,LONG,67610.40,4,true,false,true,true,true,60.71,55.24,98.8639,0.7652,15,67511.54,67808.13
2026-02-25T16:19:00.734Z,ENTRY_LONG,LONG,67770.40,5,true,true,true,true,true,66.66,55.15,101.3105,0.6781,15,67669.09,67973.02
2026-02-25T16:20:00.660Z,ENTRY_LONG,LONG,67786.10,4,true,true,true,true,false,67.31,57.51,99.4383,0.7148,15,67686.66,67984.98
2026-02-25T16:21:00.524Z,ENTRY_LONG,LONG,67840.00,4,true,true,true,true,false,69.50,57.54,102.3927,0.7888,15,67737.61,68044.79
2026-02-25T16:23:00.303Z,ENTRY_LONG,LONG,67859.20,4,true,true,true,true,false,68.58,62.40,99.5437,0.8572,15,67759.66,68058.29
2026-02-25T16:24:00.682Z,ENTRY_LONG,LONG,67934.60,5,true,true,true,true,true,71.52,67.77,99.5334,0.8885,15,67835.07,68133.67
2026-02-25T16:25:01.057Z,ENTRY_LONG,LONG,67954.30,4,true,true,true,true,false,72.25,69.42,98.1810,0.9161,15,67856.12,68150.66
2026-02-25T16:26:00.243Z,ENTRY_LONG,LONG,67924.80,4,true,false,true,true,true,68.82,72.34,100.7253,0.9207,15,67824.07,68126.25
2026-02-25T16:28:01.649Z,ENTRY_LONG,LONG,67937.20,4,true,true,true,true,false,64.96,78.31,112.8856,0.9309,15,67824.31,68162.97
2026-02-25T16:31:00.789Z,ENTRY_LONG,LONG,67827.90,4,true,true,true,true,false,56.88,83.33,103.0045,0.7309,15,67724.90,68033.91
2026-02-25T16:32:00.323Z,ENTRY_LONG,LONG,67923.70,4,true,true,true,true,false,61.48,82.86,103.1614,0.7022,15,67820.54,68130.02
2026-02-25T16:34:01.591Z,ENTRY_LONG,LONG,67873.70,4,true,true,true,true,false,57.68,74.33,98.8305,0.6531,15,67774.87,68071.36
2026-02-25T16:36:00.838Z,ENTRY_LONG,LONG,67936.40,4,true,true,true,true,false,59.73,70.00,102.4135,0.4823,15,67833.99,68141.23
2026-02-25T16:46:01.201Z,ENTRY_LONG,LONG,67962.80,4,true,true,true,true,false,60.24,50.01,73.1146,0.2866,20,67889.69,68109.03
2026-02-25T16:47:01.571Z,ENTRY_LONG,LONG,67963.50,4,true,true,true,true,false,60.28,58.64,75.0064,0.2798,15,67888.49,68113.51
2026-02-25T16:48:00.518Z,ENTRY_LONG,LONG,68015.60,5,true,true,true,true,true,63.60,68.67,76.6988,0.3183,15,67938.90,68169.00
2026-02-25T16:49:01.666Z,ENTRY_LONG,LONG,68025.60,4,true,true,true,true,false,64.21,78.43,73.6489,0.3606,15,67951.95,68172.90
2026-02-25T16:50:00.440Z,ENTRY_LONG,LONG,68051.40,4,true,true,true,true,false,65.82,77.47,72.7025,0.3870,15,67978.70,68196.81
2026-02-25T16:52:00.309Z,ENTRY_LONG,LONG,67998.00,4,true,true,true,true,false,59.34,62.83,73.9961,0.3919,15,67924.00,68145.99
2026-02-25T16:54:01.382Z,ENTRY_LONG,LONG,68001.10,4,true,true,true,true,false,59.07,68.98,68.7425,0.3885,15,67932.36,68138.59
2026-02-25T16:56:01.026Z,ENTRY_LONG,LONG,67997.40,4,true,true,true,true,false,58.48,63.85,66.1122,0.3571,15,67931.29,68129.62
2026-02-25T16:57:01.235Z,ENTRY_LONG,LONG,68151.90,5,true,true,true,true,true,69.42,67.21,72.8327,0.4447,15,68079.07,68297.57
2026-02-25T16:58:00.323Z,ENTRY_LONG,LONG,68173.00,5,true,true,true,true,true,69.85,76.45,70.5875,0.5122,15,68102.41,68314.18
2026-02-25T16:59:01.820Z,ENTRY_LONG,LONG,68231.30,5,true,true,true,true,true,73.16,82.09,71.6813,0.5863,15,68159.62,68374.66
2026-02-25T17:00:00.230Z,ENTRY_LONG,LONG,68228.50,4,true,false,true,true,true,72.80,85.28,73.1612,0.6205,15,68155.34,68374.82
2026-02-25T17:01:00.222Z,ENTRY_LONG,LONG,68191.40,4,true,false,true,true,true,67.93,70.04,75.0140,0.6297,15,68116.39,68341.43
2026-02-25T17:02:00.351Z,ENTRY_LONG,LONG,68401.20,5,true,true,true,true,true,77.21,75.68,87.6701,0.7511,15,68313.53,68576.54
2026-02-25T17:03:00.812Z,ENTRY_LONG,LONG,68415.20,5,true,true,true,true,true,77.67,79.14,89.0865,0.8584,15,68326.11,68593.37
2026-02-25T17:08:01.057Z,ENTRY_LONG,LONG,68037.00,4,true,true,true,true,false,47.99,64.46,97.1943,0.7625,15,67939.81,68231.39
2026-02-25T17:09:00.076Z,ENTRY_LONG,LONG,68118.40,4,true,true,true,true,false,52.99,66.75,99.1518,0.7535,15,68019.25,68316.70
2026-02-25T17:10:00.205Z,ENTRY_LONG,LONG,68233.10,4,true,true,true,true,false,59.38,67.94,101.4696,0.7645,15,68131.63,68436.04
2026-02-25T17:11:00.370Z,ENTRY_LONG,LONG,68470.40,4,true,true,true,true,false,67.99,68.19,111.1717,0.8547,15,68359.23,68692.74
2026-02-25T17:12:00.563Z,ENTRY_LONG,LONG,68527.00,5,true,true,true,true,true,69.71,69.20,109.3595,0.9536,15,68417.64,68745.72
2026-02-25T17:13:00.267Z,ENTRY_LONG,LONG,68450.00,4,true,false,true,true,true,64.63,60.33,111.7981,0.9781,15,68338.20,68673.60
2026-02-25T17:14:00.061Z,ENTRY_LONG,LONG,68453.60,4,true,true,true,true,false,65.04,53.53,110.7482,0.9924,15,68342.85,68675.10
2026-02-25T17:15:01.024Z,ENTRY_LONG,LONG,68467.90,4,true,true,true,true,false,65.28,57.76,105.7091,0.9821,15,68362.19,68679.32
2026-02-25T17:16:00.273Z,ENTRY_LONG,LONG,68514.70,4,true,true,true,true,false,67.07,50.64,104.4941,0.9774,15,68410.21,68723.69
2026-02-25T17:21:00.265Z,ENTRY_LONG,LONG,68289.50,4,true,true,true,true,false,51.55,54.41,105.2190,1.0120,15,68184.28,68499.94
2026-02-25T17:22:01.890Z,ENTRY_LONG,LONG,68368.30,4,true,true,true,true,false,55.65,59.19,103.3319,1.0080,15,68264.97,68574.96
2026-02-25T17:23:00.489Z,ENTRY_LONG,LONG,68553.70,4,true,true,true,true,false,63.47,58.13,109.9796,1.0470,15,68443.72,68773.66
2026-02-25T17:25:00.402Z,ENTRY_LONG,LONG,68588.50,4,true,true,true,true,false,64.78,59.91,103.4947,1.0766,15,68485.01,68795.49
2026-02-25T17:27:01.116Z,ENTRY_LONG,LONG,68549.60,4,true,true,true,true,false,61.11,51.23,102.2551,0.9098,15,68447.34,68754.11
2026-02-25T17:29:00.339Z,ENTRY_LONG,LONG,68502.10,4,true,true,true,true,false,57.75,60.45,100.9848,0.6397,15,68401.12,68704.07
2026-02-25T17:30:01.331Z,ENTRY_LONG,LONG,68510.60,4,true,true,true,true,false,57.99,57.05,98.0216,0.5791,15,68412.58,68706.64
2026-02-25T17:31:00.979Z,ENTRY_LONG,LONG,68564.90,4,true,true,true,true,false,60.95,56.79,96.8772,0.5934,15,68468.02,68758.65
2026-02-25T17:34:01.148Z,ENTRY_LONG,LONG,68450.00,4,true,true,true,true,false,52.67,60.69,99.2864,0.5963,15,68350.71,68648.57
2026-02-25T17:35:00.289Z,ENTRY_LONG,LONG,68450.00,4,true,true,true,true,false,52.73,57.18,95.5731,0.5964,15,68354.43,68641.15
2026-02-25T17:36:01.511Z,ENTRY_LONG,LONG,68526.40,4,true,true,true,true,false,57.06,56.67,95.1821,0.5984,15,68431.22,68716.76
2026-02-25T17:41:00.972Z,ENTRY_LONG,LONG,68547.20,4,true,true,true,true,false,57.69,54.11,87.6802,0.3217,15,68459.52,68722.56
2026-02-25T17:42:00.280Z,ENTRY_LONG,LONG,68598.00,4,true,true,true,true,false,60.85,58.83,85.8887,0.2871,15,68512.11,68769.78
2026-02-25T17:43:01.479Z,ENTRY_LONG,LONG,68665.40,4,true,true,true,true,false,64.64,59.04,88.4610,0.3421,15,68576.94,68842.32
2026-02-25T17:44:00.300Z,ENTRY_LONG,LONG,68670.40,5,true,true,true,true,true,64.91,69.26,86.9852,0.3899,15,68583.41,68844.37
2026-02-25T17:45:00.197Z,ENTRY_LONG,LONG,68708.70,4,true,true,true,true,false,67.15,59.75,90.1934,0.4498,15,68618.51,68889.09
2026-02-25T17:46:00.545Z,ENTRY_LONG,LONG,68625.00,4,true,false,true,true,true,58.68,72.68,96.2367,0.4641,15,68528.76,68817.47
2026-02-25T17:47:01.293Z,ENTRY_LONG,LONG,68628.80,5,true,true,true,true,true,58.92,70.57,92.0055,0.4780,15,68536.79,68812.81
2026-02-25T17:48:00.765Z,ENTRY_LONG,LONG,68649.00,4,true,true,true,true,false,60.27,70.79,88.2480,0.4840,15,68560.75,68825.50
2026-02-25T17:50:00.448Z,ENTRY_LONG,LONG,68682.00,4,true,true,true,true,false,62.51,71.96,80.4465,0.5114,15,68601.55,68842.89
2026-02-25T17:51:00.090Z,ENTRY_LONG,LONG,68750.00,5,true,true,true,true,true,66.23,78.68,84.4074,0.5560,15,68665.59,68918.81
2026-02-25T17:52:00.292Z,ENTRY_LONG,LONG,68792.60,5,true,true,true,true,true,69.19,81.39,83.3926,0.6040,15,68709.21,68959.39
2026-02-25T17:57:00.250Z,ENTRY_LONG,LONG,68598.90,4,true,true,true,true,false,49.84,61.29,81.1399,0.4385,15,68517.76,68761.18
2026-02-25T18:03:00.949Z,ENTRY_SHORT,SHORT,68410.00,4,true,true,true,true,false,36.75,45.88,80.8412,0.4788,15,68490.84,68248.32
2026-02-25T18:04:00.075Z,ENTRY_SHORT,SHORT,68347.10,4,true,true,true,true,false,33.47,39.05,80.5240,0.5990,15,68427.62,68186.05
2026-02-25T18:05:00.683Z,ENTRY_SHORT,SHORT,68385.80,4,true,false,true,true,true,37.19,39.20,78.9222,0.6536,15,68464.72,68227.96
2026-02-25T18:11:00.478Z,ENTRY_LONG,LONG,68773.40,4,true,true,true,true,false,63.76,55.31,83.6492,0.6923,15,68689.75,68940.70
2026-02-25T18:12:01.076Z,ENTRY_LONG,LONG,68818.20,4,true,true,true,true,false,65.89,63.17,85.1814,0.7058,15,68733.02,68988.56
2026-02-25T18:13:00.439Z,ENTRY_LONG,LONG,68786.00,4,true,false,true,true,true,63.03,56.97,84.0399,0.7338,15,68701.96,68954.08
2026-02-25T18:14:00.102Z,ENTRY_LONG,LONG,68826.40,4,true,true,true,true,false,64.95,56.29,80.7156,0.7789,15,68745.68,68987.83
2026-02-25T18:17:00.048Z,ENTRY_LONG,LONG,68830.30,4,true,true,true,true,false,63.33,64.29,80.2472,0.8892,15,68750.05,68990.79
2026-02-25T18:20:00.693Z,ENTRY_LONG,LONG,68762.90,4,true,true,true,true,false,56.58,52.55,90.0831,0.9188,15,68672.82,68943.07
2026-02-25T18:21:01.144Z,ENTRY_LONG,LONG,68821.50,4,true,true,true,true,false,60.28,54.08,90.1343,0.9386,15,68731.37,69001.77
2026-02-25T18:22:00.417Z,ENTRY_LONG,LONG,68834.30,4,true,true,true,true,false,61.06,53.96,86.1890,0.9507,15,68748.11,69006.68
2026-02-25T18:23:01.332Z,ENTRY_LONG,LONG,68918.30,4,true,true,true,true,false,65.81,53.89,86.3969,0.9243,15,68831.90,69091.09
2026-02-25T18:24:00.360Z,ENTRY_LONG,LONG,69001.30,5,true,true,true,true,true,69.73,57.92,88.8186,0.8653,15,68912.48,69178.94
2026-02-25T18:27:00.417Z,ENTRY_LONG,LONG,69028.50,4,true,true,true,true,false,66.88,57.62,89.9404,0.6223,15,68938.56,69208.38
2026-02-25T18:28:00.004Z,ENTRY_LONG,LONG,69062.60,4,true,true,true,true,false,68.35,59.55,87.4875,0.6195,15,68975.11,69237.57
2026-02-25T18:29:00.141Z,ENTRY_LONG,LONG,69343.00,5,true,true,true,true,true,77.36,64.49,103.4884,0.8397,15,69239.51,69549.98
2026-02-25T18:30:00.195Z,ENTRY_LONG,LONG,69293.00,4,true,false,true,true,true,73.10,77.72,107.4106,0.9605,15,69185.59,69507.82
2026-02-25T18:32:00.893Z,ENTRY_LONG,LONG,69348.40,4,true,true,true,true,false,73.68,69.34,109.2959,1.1641,15,69239.10,69566.99
2026-02-25T18:34:00.063Z,ENTRY_LONG,LONG,69267.10,4,true,true,true,true,false,66.83,72.33,108.8960,1.2329,15,69158.20,69484.89
2026-02-25T18:35:00.608Z,ENTRY_LONG,LONG,69269.70,4,true,true,true,true,false,66.93,71.95,105.5248,1.2521,15,69164.18,69480.75
2026-02-25T18:36:00.120Z,ENTRY_LONG,LONG,69357.50,4,true,true,true,true,false,70.19,72.25,109.3088,1.2723,15,69248.19,69576.12
2026-02-25T18:37:00.071Z,ENTRY_LONG,LONG,69395.00,4,true,true,true,true,false,72.37,73.87,106.5153,1.3182,15,69288.48,69608.03
2026-02-25T18:38:00.349Z,ENTRY_LONG,LONG,69457.80,4,true,true,true,true,false,73.50,73.88,102.8999,1.3446,15,69354.90,69663.60
2026-02-25T18:42:01.097Z,ENTRY_LONG,LONG,69473.30,4,true,true,true,true,false,70.24,71.66,99.9304,1.0912,15,69373.37,69673.16
2026-02-25T18:43:00.396Z,ENTRY_LONG,LONG,69443.80,4,true,false,true,true,true,67.58,72.06,99.8639,1.0304,15,69343.94,69643.53
2026-02-25T18:44:01.300Z,ENTRY_LONG,LONG,69400.70,4,true,false,true,true,true,63.79,53.80,95.8594,0.9796,15,69304.84,69592.42
2026-02-25T18:45:00.186Z,ENTRY_LONG,LONG,69423.70,5,true,true,true,true,true,64.92,64.90,90.7623,0.8470,15,69332.94,69605.22
2026-02-25T18:46:00.321Z,ENTRY_LONG,LONG,69292.50,4,true,false,true,true,true,54.46,54.68,94.4007,0.6791,15,69198.10,69481.30
2026-02-25T18:48:00.951Z,ENTRY_LONG,LONG,69279.90,4,true,true,true,true,false,53.49,51.15,91.3409,0.4285,15,69188.56,69462.58
2026-02-25T19:35:01.144Z,ENTRY_SHORT,SHORT,68774.10,5,true,true,true,true,true,35.49,30.22,73.4244,0.4219,12,68920.95,68517.11
2026-02-25T20:11:00.773Z,ENTRY_SHORT,SHORT,68828.00,5,true,true,true,true,true,36.34,27.65,53.1780,0.3675,12,68934.36,68641.88
2026-02-25T20:12:19.207Z,ENTRY_SHORT,SHORT,68748.30,5,true,true,true,true,true,29.47,21.88,56.1510,0.4420,12,68860.60,68551.77
2026-02-25T20:13:00.758Z,ENTRY_SHORT,SHORT,68670.70,5,true,true,true,true,true,24.59,14.46,58.9545,0.5529,12,68788.61,68464.36
